content_id,view_count,content_type,content_url
2NSlBsORhGSSKTk7p2,8671,STICKER,https://giphy.com/stickers/2NSlBsORhGSSKTk7p2
33qsESwZEwDkUbQ5dc,3228,STICKER,https://giphy.com/stickers/33qsESwZEwDkUbQ5dc
3OqcDFpXrfBCXoNrNq,24546,STICKER,https://giphy.com/stickers/3OqcDFpXrfBCXoNrNq
3USFPMbZbLCXXkjbr2,8054,STICKER,https://giphy.com/stickers/3USFPMbZbLCXXkjbr2
3rNZOmd8uDCIoi6B1h,12261,STICKER,https://giphy.com/stickers/3rNZOmd8uDCIoi6B1h
44T1lctPEzrFmmyqmE,9673,STICKER,https://giphy.com/stickers/44T1lctPEzrFmmyqmE
4SpDXQ2nnyijhYPZpj,3892,STICKER,https://giphy.com/stickers/4SpDXQ2nnyijhYPZpj
5hMP7zeRpdP40biMVL,16868,STICKER,https://giphy.com/stickers/5hMP7zeRpdP40biMVL
8eYUVgNx93PP7H69d5,8104,STICKER,https://giphy.com/stickers/8eYUVgNx93PP7H69d5
9fMlB0bvUym8Zmg0ID,11686,STICKER,https://giphy.com/stickers/9fMlB0bvUym8Zmg0ID
A6yhc95DQ5n7ozoNaZ,14404,STICKER,https://giphy.com/stickers/A6yhc95DQ5n7ozoNaZ
AKtFfERLzbEwgGnyle,25671,STICKER,https://giphy.com/stickers/AKtFfERLzbEwgGnyle
CJTgOHQYojSjOChsi4,7312,STICKER,https://giphy.com/stickers/CJTgOHQYojSjOChsi4
EvUzy7ISgAREupT0YJ,4117,STICKER,https://giphy.com/stickers/EvUzy7ISgAREupT0YJ
FEDiVlnT8FiECNQoS6,6626,STICKER,https://giphy.com/stickers/FEDiVlnT8FiECNQoS6
GhxZ7sv0Mmtlwcs1WU,14887,STICKER,https://giphy.com/stickers/GhxZ7sv0Mmtlwcs1WU
H54S159IcI7CG6A2FU,9149,STICKER,https://giphy.com/stickers/H54S159IcI7CG6A2FU
IjLiMPV5gUJEIzS7IF,32423,STICKER,https://giphy.com/stickers/IjLiMPV5gUJEIzS7IF
LxIRPa7yRKf0uybK2k,16328,STICKER,https://giphy.com/stickers/LxIRPa7yRKf0uybK2k
NJIvHouwjIUsJUe3RY,6887,STICKER,https://giphy.com/stickers/NJIvHouwjIUsJUe3RY
OJtkIPd8yznTNbPEn0,13945,STICKER,https://giphy.com/stickers/OJtkIPd8yznTNbPEn0
P8VYdBcMShTvORytNq,22655,STICKER,https://giphy.com/stickers/P8VYdBcMShTvORytNq
PBmJNATBenQmpVXOAx,11674,STICKER,https://giphy.com/stickers/PBmJNATBenQmpVXOAx
PK5i8DS0Sc0BvKMZ7c,6102,STICKER,https://giphy.com/stickers/PK5i8DS0Sc0BvKMZ7c
PnpuGo3q8rkIwddWvh,58133,STICKER,https://giphy.com/stickers/PnpuGo3q8rkIwddWvh
QxkC4XhTRzdziCktAp,49658,STICKER,https://giphy.com/stickers/QxkC4XhTRzdziCktAp
VZyR9GH0rxYdoOQksJ,15020,STICKER,https://giphy.com/stickers/VZyR9GH0rxYdoOQksJ
XAKsFCoMNlb4enWwTF,11087,STICKER,https://giphy.com/stickers/XAKsFCoMNlb4enWwTF
XgXuKFl9FSTcvBcfAD,1166,STICKER,https://giphy.com/stickers/XgXuKFl9FSTcvBcfAD
YtAdGMtcgvsgGagoul,18990,STICKER,https://giphy.com/stickers/YtAdGMtcgvsgGagoul
ZeBVAvrxKGGQMGOXCs,25944,STICKER,https://giphy.com/stickers/ZeBVAvrxKGGQMGOXCs
lJ8AWmFXLRIkJ2gjLy,14186,STICKER,https://giphy.com/stickers/lJ8AWmFXLRIkJ2gjLy
xATIobXJBAGk7aUxgD,23917,STICKER,https://giphy.com/stickers/xATIobXJBAGk7aUxgD
xOQGNmbm46W6jLoSlP,4657,STICKER,https://giphy.com/stickers/xOQGNmbm46W6jLoSlP
xYgqDK1kl7chsFLoam,26347,STICKER,https://giphy.com/stickers/xYgqDK1kl7chsFLoam
xf3JDT8x2M2QCM1BCz,5440,STICKER,https://giphy.com/stickers/xf3JDT8x2M2QCM1BCz
7PmBkAs3TkPaVrrkK5,24566,STICKER,https://giphy.com/stickers/7PmBkAs3TkPaVrrkK5
GZSPuR4kMIgFU94ysV,1272,STICKER,https://giphy.com/stickers/GZSPuR4kMIgFU94ysV
Hb8N7Cn3sx0z7jM4qG,5001,STICKER,https://giphy.com/stickers/Hb8N7Cn3sx0z7jM4qG
VzyLAts7E2gAnwoPpX,5002,STICKER,https://giphy.com/stickers/VzyLAts7E2gAnwoPpX
Xihb4LmDb90mcq2flq,3714,STICKER,https://giphy.com/stickers/Xihb4LmDb90mcq2flq
bdlroCsZjKgGYLysQf,12883,STICKER,https://giphy.com/stickers/bdlroCsZjKgGYLysQf
j4zsQaLMWaEpxrHwUu,79,STICKER,https://giphy.com/stickers/j4zsQaLMWaEpxrHwUu
jpKpr2kJQGEn1qCZOT,37980,STICKER,https://giphy.com/stickers/jpKpr2kJQGEn1qCZOT
kSRey8q3gEAvvHgOTe,631,STICKER,https://giphy.com/stickers/kSRey8q3gEAvvHgOTe
kf1ocSOQpdI5bi5l8n,58,STICKER,https://giphy.com/stickers/kf1ocSOQpdI5bi5l8n
kqwNaQVM0Sl5QZOvF2,7885,STICKER,https://giphy.com/stickers/kqwNaQVM0Sl5QZOvF2
nTQFA3jUzRgbxLcijG,4688,STICKER,https://giphy.com/stickers/nTQFA3jUzRgbxLcijG
uSMHzYvkbGZ0mScnyo,14418,STICKER,https://giphy.com/stickers/uSMHzYvkbGZ0mScnyo
v66lw1c1tlYoG4IRA7,6545,STICKER,https://giphy.com/stickers/v66lw1c1tlYoG4IRA7
yykfvjPias8VAU1oAr,7206,STICKER,https://giphy.com/stickers/yykfvjPias8VAU1oAr
